Workbook
Name System_Operations: 'System Operations'!$A$7:$A$100
Name System_Operations_Columns: 'Master Data'!$D$5:$D$20
Name To_Chuc: 'Master Data'!$D$5:$D$20

Sheet System Operations
A1: =IF(B1="English","Language","Ngôn ngữ") -> Language | B1: English
A2: Name | B2: Parameters | C2: Return Value | D2: Trigger | E2: Service Level Objectives | F2: Preconditions | G2: Postconditions | H2: -
A3: Business operation name using ubiquitous language (not an API endpoint) | B3: Business input data required to execute the command | C3: The result of the operation, typically an identifier or outcome | D3: What initiates the command (user action, system event, scheduled job, etc.) | E3: Business Tier, Latency, Throughput, Availability | F3: Conditions that must be true before execution | G3: Guarantees and state changes after execution | H3: -
A4: Tên nghiệp vụ sử dụng ngôn ngữ chung (ubiquitous language), không phải tên API | B4: Dữ liệu đầu vào nghiệp vụ cần để thực thi thao tác | C4: Kết quả của thao tác, thường là ID hoặc outcome | D4: Điều gì kích hoạt thao tác (user action, system event, job định kỳ,...) | E4: Mức độ quan trọng nghiệp vụ, độ trễ, thông lượng, độ sẵn sàng | F4: Các điều kiện phải đúng trước khi thực thi | G4: Các đảm bảo và thay đổi trạng thái sau khi thực thi | H4: -
A5: Typing (camelCase) | B5: Input in sheet "System Operations Details" | C5: Typing | D5: Typing | E5: Typing | F5: Typing | G5: Typing | H5: -
A6: =A2 & CHAR(10) & "------" & CHAR(10) & IF($B1="English", A3, A4) & CHAR(10) & "-----" & CHAR(10) & A5 -> Name ------ Business operation name using ubiquitous language (not an API endpoint) ----- Typing (camelCase) | B6: =B2 & CHAR(10) & "------" & CHAR(10) & IF($B1="English", B3, B4) & CHAR(10) & "-----" & CHAR(10) & B5 -> Parameters ------ Business input data required to execute the command ----- Input in sheet "System Operations Details" | C6: =C2 & CHAR(10) & "------" & CHAR(10) & IF($B1="English", C3, C4) & CHAR(10) & "-----" & CHAR(10) & C5 -> Return Value ------ The result of the operation, typically an identifier or outcome ----- Typing | D6: =D2 & CHAR(10) & "------" & CHAR(10) & IF($B1="English", D3, D4) & CHAR(10) & "-----" & CHAR(10) & D5 -> Trigger ------ What initiates the command (user action, system event, scheduled job, etc.) ----- Typing | E6: =E2 & CHAR(10) & "------" & CHAR(10) & IF($B1="English", E3, E4) & CHAR(10) & "-----" & CHAR(10) & E5 -> Service Level Objectives ------ Business Tier, Latency, Throughput, Availability ----- Typing | F6: =F2 & CHAR(10) & "------" & CHAR(10) & IF($B1="English", F3, F4) & CHAR(10) & "-----" & CHAR(10) & F5 -> Preconditions ------ Conditions that must be true before execution ----- Typing | G6: =G2 & CHAR(10) & "------" & CHAR(10) & IF($B1="English", G3, G4) & CHAR(10) & "-----" & CHAR(10) & G5 -> Postconditions ------ Guarantees and state changes after execution ----- Typing | H6: -
A7: placeOrder
A101: - | B101: - | C101: - | D101: - | E101: - | F101: - | G101: -

Sheet System Operations Details
A1: =IF(B1="English","Language","Ngôn ngữ") -> Language | B1: English
A2: System Operations Name | B2: System Operations Column Name | C2: Value Convention | D2: Value | E2: Note
A3: Operation's name in sheet "System Operations" | B3: Column name in sheet "System Operations" | C3: Convention of value input (camelCase, free text, ….) | D3: Value | E3: -
A4: Tên của Operation ở sheet "System Operations" | B4: Tên cột ở sheet "System Operations" mà bạn muốn điền | C4: Quy ước cách viết giá trị (camelCase, tự do, …) | D4: Giá trị tương ứng | E4: -
A5: Select an option | B5: Select an option | C5: Automatically Display | D5: Typing | E5: Typing
A6: =A2 & CHAR(10) & "------" & CHAR(10) & IF($B1="English", A3, A4) & CHAR(10) & "-----" & CHAR(10) & A5 -> System Operations Name ------ Operation's name in sheet "System Operations" ----- Select an option | B6: =B2 & CHAR(10) & "------" & CHAR(10) & IF($B1="English", B3, B4) & CHAR(10) & "-----" & CHAR(10) & B5 -> System Operations Column Name ------ Column name in sheet "System Operations" ----- Select an option | C6: =C2 & CHAR(10) & "------" & CHAR(10) & IF($B1="English", C3, C4) & CHAR(10) & "-----" & CHAR(10) & C5 -> Value Convention ------ Convention of value input (camelCase, free text, ….) ----- Automatically Display | D6: =D2 & CHAR(10) & "------" & CHAR(10) & IF($B1="English", D3, D4) & CHAR(10) & "-----" & CHAR(10) & D5 -> Value ------ Value ----- Typing | E6: =E2 & CHAR(10) & "------" & CHAR(10) & IF($B1="English", E3, E4) & CHAR(10) & "-----" & CHAR(10) & E5 -> Note ------ - ----- Typing
A7: placeOrder | B7: Parameters | C7: =IFERROR(VLOOKUP(B7,'Master Data'!$D$5:$E$20,2,FALSE),"") -> camelCase
C8: =IFERROR(VLOOKUP(B8,'Master Data'!$D$5:$E$20,2,FALSE),"")
C9: =IFERROR(VLOOKUP(B9,'Master Data'!$D$5:$E$20,2,FALSE),"")
C10: =IFERROR(VLOOKUP(B10,'Master Data'!$D$5:$E$20,2,FALSE),"")
C11: =IFERROR(VLOOKUP(B11,'Master Data'!$D$5:$E$20,2,FALSE),"")
C12: =IFERROR(VLOOKUP(B12,'Master Data'!$D$5:$E$20,2,FALSE),"")
C13: =IFERROR(VLOOKUP(B13,'Master Data'!$D$5:$E$20,2,FALSE),"")
C14: =IFERROR(VLOOKUP(B14,'Master Data'!$D$5:$E$20,2,FALSE),"")
C15: =IFERROR(VLOOKUP(B15,'Master Data'!$D$5:$E$20,2,FALSE),"")
C16: =IFERROR(VLOOKUP(B16,'Master Data'!$D$5:$E$20,2,FALSE),"")
C17: =IFERROR(VLOOKUP(B17,'Master Data'!$D$5:$E$20,2,FALSE),"")
C18: =IFERROR(VLOOKUP(B18,'Master Data'!$D$5:$E$20,2,FALSE),"")
C19: =IFERROR(VLOOKUP(B19,'Master Data'!$D$5:$E$20,2,FALSE),"")
... C100: =IFERROR(VLOOKUP(B100,'Master Data'!$D$5:$E$20,2,FALSE),"")
A101: - | B101: - | C101: - | D101: - | E101: -

Sheet Subdomains

Sheet Master Data
A1: MD
A2: =A1 & "-0" -> MD-0 | D2: =IF(D3<>"", $A$1 & "-" & COUNTIF($D3:D3, "<>"), "") -> MD-1 | E2: =IF(E3<>"", $A$1 & "-" & COUNTIF($D3:E3, "<>"), "") | F2: =IF(F3<>"", $A$1 & "-" & COUNTIF($D3:F3, "<>"), "") | G2: =IF(G3<>"", $A$1 & "-" & COUNTIF($D3:G3, "<>"), "") -> MD-2 | H2: =IF(H3<>"", $A$1 & "-" & COUNTIF($D3:H3, "<>"), "") | I2: =IF(I3<>"", $A$1 & "-" & COUNTIF($D3:I3, "<>"), "") | J2: =IF(J3<>"", $A$1 & "-" & COUNTIF($D3:J3, "<>"), "") | K2: =IF(K3<>"", $A$1 & "-" & COUNTIF($D3:K3, "<>"), "") | ... GY2: =IF(GY3<>"", $A$1 & "-" & COUNTIF($D3:GY3, "<>"), "")
A3: Danh sách Master Data | D3: System Operations Columns | G3: Master Data 2
A4: STT | B4: Tên | D4: Column | E4: Value Convention | G4: Cột 1 | H4: Cột 2 | I4: Cột 3 | J4: Cột 4
A5: {=TRANSPOSE(_xlfn.UNIQUE(_xlfn._xlws.FILTER($B2:$GY2, $B2:$GY2<>"")))} -> MD-1 | B5: {=TRANSPOSE(_xlfn.UNIQUE(_xlfn._xlws.FILTER($D3:$GY3, $D3:$GY3<>"")))} -> System Operations Columns | D5: Parameters | E5: camelCase
A6: MD-2 | B6: Master Data 2 | D6: Service Level Objectives | E6: Free text (multiple rows if any)
D7: Preconditions | E7: Free text (multiple rows if any)
D8: Postconditions | E8: Free text (multiple rows if any)
